<?xml version="1.0" encoding="UTF-8" ?>
<!DOCTYPE mapper PUBLIC "-//mybatis.org//DTD Mapper 3.0//EN" "http://mybatis.org/dtd/mybatis-3-mapper.dtd" >
<mapper namespace="com.example.azure.storage.mapper.AuditTrailMapper" >
  <resultMap id="BaseResultMap" type="com.example.azure.storage.model.AuditTrail" >
    <id column="ROW_ID" property="rowId" jdbcType="DECIMAL" />
    <result column="CATEGORY" property="category" jdbcType="NVARCHAR" />
    <result column="ACTION" property="action" jdbcType="NVARCHAR" />
    <result column="ACTION_DESC" property="actionDesc" jdbcType="NVARCHAR" />
    <result column="FUNCTION_NAME" property="functionName" jdbcType="NVARCHAR" />
    <result column="REQUEST_BODY" property="requestBody" jdbcType="NVARCHAR" />
    <result column="CREATE_BY" property="createBy" jdbcType="NVARCHAR" />
    <result column="CREATE_DATE" property="createDate" jdbcType="TIMESTAMP" javaType="java.sql.Timestamp"/>
    <result column="DOC_ID" property="docID" jdbcType="NVARCHAR"/>
    <result column="FORM_ID" property="formDefinitionId" jdbcType="NVARCHAR"/>
  </resultMap>
  <sql id="Doc_Column_List" >
     ACTION, ACTION_DESC,ROW_ID,CATEGORY,FUNCTION_NAME,REQUEST_BODY,DOC_ID,
    CREATE_BY,CREATE_DATE
  </sql>
  <sql id="FORM_Column_List" >
     ACTION, ACTION_DESC,ROW_ID,CATEGORY,FUNCTION_NAME,REQUEST_BODY,FORM_ID,
    CREATE_BY,CREATE_DATE
  </sql>
  <select id="getFormAuditTrailList" resultMap="BaseResultMap" parameterType="java.lang.String" >
    select 
    <include refid="FORM_Column_List" />
    from TFORM_AUDITTRAIL t
    Where t.FORM_ID=#{formID,jdbcType=NVARCHAR}
    order by CREATE_DATE desc
  </select>
  <select id="getDocAuditTrailList" resultMap="BaseResultMap" parameterType="java.lang.String" >
    select 
    <include refid="Doc_Column_List" />
    from TDOC_AUDITTRAIL t
    Where t.DOC_ID=#{docID,jdbcType=NVARCHAR}
    order by CREATE_DATE desc
  </select>
  <insert id="addDocAuditTrail" parameterType="com.example.azure.storage.model.AuditTrail" >
    insert into TDOC_AUDITTRAIL (CATEGORY, ACTION, 
      ACTION_DESC, FUNCTION_NAME, REQUEST_BODY 
      ,CREATE_BY,
      CREATE_DATE,DOC_ID)
    values ( #{category,jdbcType=NVARCHAR}, #{action,jdbcType=NVARCHAR}, 
      #{actionDesc,jdbcType=NVARCHAR}, #{functionName,jdbcType=NVARCHAR}, #{requestBody,jdbcType=NVARCHAR}, 
      #{createBy,jdbcType=NVARCHAR}, getDate(),#{docID,jdbcType=NVARCHAR}
       )
  </insert>
  <insert id="addFormAuditTrail" parameterType="com.example.azure.storage.model.AuditTrail" >
    insert into TFORM_AUDITTRAIL (CATEGORY, ACTION, 
      ACTION_DESC, FUNCTION_NAME, REQUEST_BODY 
      ,CREATE_BY,
      CREATE_DATE,FORM_ID)
    values ( #{category,jdbcType=NVARCHAR}, #{action,jdbcType=NVARCHAR}, 
      #{actionDesc,jdbcType=NVARCHAR}, #{functionName,jdbcType=NVARCHAR}, #{requestBody,jdbcType=NVARCHAR}, 
      #{createBy,jdbcType=NVARCHAR}, getDate(),#{formDefinitionId,jdbcType=NVARCHAR}
       )
  </insert>
  
 
 
</mapper>