<?xml version="1.0" encoding="UTF-8" ?>
<!DOCTYPE mapper 
PUBLIC "-//mybatis.org//DTD Mapper 3.0//EN" 
"http://mybatis.org/dtd/mybatis-3-mapper.dtd" >
<mapper namespace="com.example.azure.storage.mapper.ContainersMapper">


	<resultMap type="com.example.azure.storage.model.Containers" id="ContainersMap">
		<id property="ContainerID" column="ROWID"/>
		<id property="containerName" column="CONTAINER_NAME"/>
		<id property="containerType" column="CONTAINER_TYPE"/>
		<id property="accessLevel" column="ACCESS_LEVEL"/>
		<id property="storageAccountName" column="STORAGE_ACCOUNT_NAME"/>
		<id property="createdDate" column="CREATED_DATE"/>
		<id property="updatedDate" column="UPDATED_DATE"/>
		<id property="isDeleted" column="IS_DELETED"/>
	</resultMap> 
	
	<select id="findContainerByID" parameterType = "java.lang.String"  resultMap="ContainersMap">
		select * from TCONTAINERS where ROWID=#{ContainerID}
	</select>
	
</mapper>   

