<?xml version="1.0" encoding="UTF-8" ?>
<!DOCTYPE mapper 
PUBLIC "-//mybatis.org//DTD Mapper 3.0//EN" 
"http://mybatis.org/dtd/mybatis-3-mapper.dtd" >
<mapper namespace="com.example.azure.storage.mapper.DocumentsMapper">


	<resultMap type="com.example.azure.storage.model.DocTemplete" id="DocTempleteMap">
		<id property="templateID" column="TEMPLATE_ID"/>
		<id property="templateName" column="TEMPLATE_NAME"/>
		<id property="tableName" column="TABLE_NAME"/>
		<id property="containerID" column="CONTAINER_ID"/>
		<id property="treeViewEnabled" column="TREE_VIEW_ENABLED"/>
		<id property="rootNode" column="ROOT_NODE"/>
		<id property="createdDate" column="CREATED_DATE"/>
		<id property="updatedDate" column="UPDATED_DATE"/>
		<id property="isDeleted" column="IS_DELETED"/>
	</resultMap> 
	<resultMap type="com.example.azure.storage.model.Document" id="DocumentMap">
		<id property="docID" column="DOC_ID"/>
		<id property="versionNum" column="VERSION_NUM"/>
		<id property="formID" column="FORM_ID"/>
		<id property="docType" column="DOC_TYPE"/>
		<id property="createdDate" column="CREATED_DATE"/>
		<id property="updatedDate" column="UPDATED_DATE"/>
		<id property="isDeleted" column="IS_DELETED"/>
		
		<id property="parentFolderID" column="FOLDER_ID"/>
		<id property="fileName" column="DOC_NAME"/>
		<id property="containerID" column="CONTAINER_ID"/>
		<id property="URI" column="URI"/>
		<id property="formRowID" column="ROWID"/>
		<id property="keyID" column="KEY_ID"/>
	</resultMap>
	<resultMap type="com.example.azure.storage.model.DocumentAgent" id="DocumentAgentMap">
		<id property="docID" column="DOC_ID"/>
		<id property="versionNum" column="VERSION_NUM"/>
		<id property="formID" column="FORM_ID"/>
		<id property="docType" column="DOC_TYPE"/>
		<id property="createdDate" column="CREATED_DATE"/>
		<id property="updatedDate" column="UPDATED_DATE"/>
		<id property="isDeleted" column="IS_DELETED"/>
		
		<id property="parentFolderID" column="FOLDER_ID"/>
		<id property="fileName" column="DOC_NAME"/>
		<id property="containerID" column="CONTAINER_ID"/>
		<id property="URI" column="URI"/>
		<id property="formRowID" column="ROWID"/>
		<id property="formName" column="FORM_NM"/>
		<id property="formCategory" column="FORM_CATEGORY"/>
		<id property="CategoryCode" column="CATEGORY_CODE"/>
		<id property="agentCode" column="AGENT_CODE"/>
	</resultMap>
	<resultMap type="com.example.azure.storage.model.DocumentPolicy" id="DocumentPolicyMap">
		<id property="docID" column="DOC_ID"/>
		<id property="versionNum" column="VERSION_NUM"/>
		<id property="formID" column="FORM_ID"/>
		<id property="docType" column="DOC_TYPE"/>
		<id property="createdDate" column="CREATED_DATE"/>
		<id property="updatedDate" column="UPDATED_DATE"/>
		<id property="isDeleted" column="IS_DELETED"/>
		
		<id property="parentFolderID" column="FOLDER_ID"/>
		<id property="fileName" column="DOC_NAME"/>
		<id property="containerID" column="CONTAINER_ID"/>
		<id property="URI" column="URI"/>
		<id property="formRowID" column="ROWID"/>
		<id property="formName" column="FORM_NM"/>
		<id property="formCategory" column="FORM_CATEGORY"/>
		<id property="CategoryCode" column="CATEGORY_CODE"/>
		
		<id property="policyNO" column="POLICY_NO"/>
	</resultMap>
		<resultMap type="com.example.azure.storage.model.DocControl" id="DocControlMap">
		<id property="docID" column="DOC_ID"/>
		<id property="versionNum" column="VERSION_NUM"/>
		<id property="docName" column="DOC_NAME"/>
		<id property="filePath" column="FILE_PATH"/>
		<id property="docType" column="DOC_TYPE"/>
		<id property="containerID" column="CONTAINER_ID"/>
		<id property="URI" column="URI"/>
		<id property="fileSize" column="FILE_SIZE"/>
		<id property="extension" column="EXTENSION"/>
		<id property="createdDate" column="CREATED_DATE"/>
		<id property="updatedDate" column="UPDATED_DATE"/>
		<id property="isDeleted" column="IS_DELETED"/>
	</resultMap>
	<resultMap type="com.example.azure.storage.model.MasterFolder" id="MasterFolderMap">
		<id property="rowID" column="ROWID"/>
		<id property="keyType" column="KEY_TYPE"/>
		<id property="keyNumber" column="KEY_NUMBER"/>
		<id property="NIC" column="NIC"/>
		<id property="searchValue" column="SEARCH_VALUE"/>
		<id property="encodeRules" column="ENCODE_RULES"/>
		<id property="createdDate" column="CREATED_DATE"/>
		<id property="updatedDate" column="UPDATED_DATE"/>
		<id property="isDeleted" column="IS_DELETED"/>
	</resultMap>
	

	<select id="findDocTemplete" resultMap="DocTempleteMap">
		select * 
		from TDOCTEMPLETE 
		where IS_DELETED=0 and TREE_VIEW_ENABLED='true'
	</select>
	<select id="findDocTempleteByTempleteName" parameterType = "java.lang.String" resultMap="DocTempleteMap">
		select * 
		from TDOCTEMPLETE 
		where TEMPLATE_NAME=#{templateName} and IS_DELETED=0 and TREE_VIEW_ENABLED='true'
	</select>
	<select id="findPolicyDocuments" parameterType = "java.lang.String"   resultMap="DocumentMap">
		select p.[DOC_ID],p.[VERSION_NUM],p.[FORM_ID],p.[DOC_TYPE],p.[CREATED_DATE],p.[UPDATED_DATE],p.[IS_DELETED],p.[URI],
		p.[DOC_NAME],p.[CONTAINER_ID],h.FOLDER_ID
		from TPOLICYDOC p join TFORM_HIERARCHY h
		on h.form_id=p.FORM_ID and  p.IS_DELETED=0 and h.IS_DELETED=0 and p.POLICY_NO=#{policyNO}
	</select>
	<select id="findAgentDocuments" resultMap="DocumentMap">
		select p.[DOC_ID],p.[VERSION_NUM],p.[FORM_ID],p.[DOC_TYPE],p.[CREATED_DATE],p.[UPDATED_DATE],p.[IS_DELETED],p.[URI],
		c.[DOC_NAME],c.[FILE_PATH],c.[CONTAINER_ID],h.FOLDER_ID
		from TPOLICYDOC p 
		JOIN TDOCCONTROL c 
		on p.DOC_ID=c.[DOC_ID]
		and  p.IS_DELETED=0 and  c.IS_DELETED=0
		join TFORM_HIERARCHY h
		on h.form_id=p.FORM_ID
	</select>
	<select id="findOtherDocuments" resultMap="DocumentMap">
		select p.[DOC_ID],p.[VERSION_NUM],p.[FORM_ID],p.[DOC_TYPE],p.[CREATED_DATE],p.[UPDATED_DATE],p.[IS_DELETED],p.[URI],
		c.[DOC_NAME],c.[FILE_PATH],c.[CONTAINER_ID],h.FOLDER_ID
		from TPOLICYDOC p 
		JOIN TDOCCONTROL c 
		on p.DOC_ID=c.[DOC_ID]
		and  p.IS_DELETED=0 and  c.IS_DELETED=0
		join TFORM_HIERARCHY h
		on h.form_id=p.FORM_ID
	</select>
	<select id="findOldVersionByDocID" parameterType = "java.lang.String"  resultMap="DocControlMap">
		select top 1 * from TDOCCONTROL where DOC_ID=#{docID} order by version_Num desc
	</select>
	<select id="findContainerByID" parameterType = "java.lang.String"  resultMap="DocControlMap">
		select * from TCONTAINERS where ROWID=#{rowID}
	</select>
	
	<insert id="addPolicyDocument"  parameterType = "com.example.azure.storage.model.Document">
		insert into TPOLICYDOC  (DOC_ID,VERSION_NUM, FORM_ID,DOC_TYPE,[URI],[DOC_NAME],[CONTAINER_ID],KEY_ID) 
		values(#{docID},#{versionNum},#{formID},#{docType},#{URI},#{fileName},#{containerID},#{keyID})
	</insert>
	<insert id="addAgentDocument"  parameterType = "com.example.azure.storage.model.Document">
		insert into TAGENTDOC  ([DOC_ID],[VERSION_NUM], [FORM_ID],[DOC_TYPE],[URI],[DOC_NAME],[CONTAINER_ID],KEY_ID) 
		values(#{docID},#{versionNum},#{formID},#{docType},#{URI},#{fileName},#{containerID},#{keyID})
	</insert>
	<insert id="addOtherDocument"  parameterType = "com.example.azure.storage.model.Document">
		insert into TOTHERDOC  ([DOC_ID],[VERSION_NUM], [FORM_ID],[DOC_TYPE],[URI],[DOC_NAME],[CONTAINER_ID]) 
		values(#{docID},#{versionNum},#{formID},#{docType},#{URI},#{fileName},#{containerID})
	</insert>
	<insert id="uploadNewVersion"  parameterType = "com.example.azure.storage.model.DocControl">
		insert into TDOCCONTROL  
		([DOC_ID],[VERSION_NUM], [DOC_NAME],
		[FILE_PATH],[DOC_TYPE],[CONTAINER_ID],
		[FILE_SIZE],[EXTENSION],[URI]) 
		values
		(#{docID},#{versionNum},#{docName},
		#{filePath},#{docType},#{containerID},
		#{fileSize},#{extension},#{URI})
	</insert>
	
	<update id="upatePolicyDocument"  parameterType = "com.example.azure.storage.model.Document">
		update TPOLICYDOC  
		<trim prefix="set" suffixOverrides=",">
		<if test="versionNum != null and versionNum !=''">
			VERSION_NUM=#{versionNum},
		</if>
		<if test="formID != null and formID !=''">
			FORM_ID=#{formID},
		</if>
		<if test="docType != null and docType !=''">
			DOC_TYPE=#{docType},
		</if>
		<if test="fileName != null and fileName !=''">
			DOC_NAME=#{fileName},
		</if>
		<if test="containerID != null and containerID !=''">
			CONTAINER_ID=#{containerID},
		</if>
		<if test="URI != null and URI !=''">
			URI=#{URI},
		</if>
		</trim>
		where DOC_ID=#{docID}
	</update>
	<select id="findPolicyDocumentsByKeyID" parameterType = "java.lang.String"   resultMap="DocumentMap">
		select a.*,b.ROWID from TPOLICYDOC a join TFORM_HIERARCHY b  
		on a.form_ID=b.FORM_ID
		and a.KEY_ID=#{keyID} and a.IS_DELETED=0
	</select>
	
<!-- 	<select id="findDocumentListByPolicyNO" parameterType = "java.lang.String"   resultType="java.util.HashMap">
		select p.[POLICY_NO],p.[CREATED_DATE],p.[URI],p.[DOC_NAME],p.[CONTAINER_ID],
		f.[FORM_ID],f.FORM_NM,f.[FORM_CATEGORY],f.[CATEGORY_CODE]
		from TPOLICYDOC p join TFORM_DEFINITION f
		on f.form_id=p.FORM_ID and  p.IS_DELETED=0 and f.IS_DELETED=0 and p.POLICY_NO=#{policyNO}
	</select> -->
	
	<select id="findPolicyDocListByKeyID" parameterType = "com.example.azure.storage.model.PageRequest"  resultType="java.util.HashMap">
	  select p.[POLICY_NO],p.[CREATED_DATE],p.[URI],p.[DOC_NAME],p.[CONTAINER_ID],
		f.[FORM_ID],f.FORM_NM,f.[FORM_CATEGORY],f.[CATEGORY_CODE]
		from TPOLICYDOC p join TFORM_DEFINITION f
		on f.form_id=p.FORM_ID and  p.IS_DELETED=0 and f.IS_DELETED=0 and p.KEY_ID=#{keyID}
	</select>
				
	<select id="findAgentDocumentsByKeyID" parameterType = "java.lang.String"   resultMap="DocumentMap">
		select a.*,b.ROWID from TAGENTDOC a join TFORM_HIERARCHY b  
		on a.form_ID=b.FORM_ID
		and a.KEY_ID=#{keyID} and a.IS_DELETED=0
	</select>
	
	<select id="getAgentDocListByKeyID" parameterType = "com.example.azure.storage.model.PageRequest"  resultType="java.util.HashMap">
	 	select p.[AGENT_CODE],p.[CREATED_DATE],p.[URI],p.[DOC_NAME],p.[CONTAINER_ID],
		f.[FORM_ID],f.FORM_NM,f.[FORM_CATEGORY],f.[CATEGORY_CODE]
		from TAGENTDOC p join TFORM_DEFINITION f
		on f.form_id=p.FORM_ID and  p.IS_DELETED=0 and f.IS_DELETED=0 and p.KEY_ID=#{keyID}
	</select>
	
	<update id="docReindexAgentDoc">
		update TAGENTDOC set FORM_ID=#{formID} where DOC_ID=#{docID}
	</update>
	<update id="docReindexOtherDoc">
		update TOTHERDOC set FORM_ID=#{formID} where DOC_ID=#{docID}
	</update>
	<update id="docReindexPolicyDoc">
		update TPOLICYDOC set FORM_ID=#{formID} where DOC_ID=#{docID}
	</update>
	
	<select id="getAgentDocProperties" parameterType = "java.lang.String" resultMap="DocumentAgentMap">
		select p.[DOC_ID],p.[VERSION_NUM],p.[FORM_ID],p.[DOC_TYPE],p.[CREATED_DATE],p.[UPDATED_DATE],p.[IS_DELETED],p.[URI],
		c.[DOC_NAME],c.[FILE_PATH],c.[CONTAINER_ID],
		f.[FORM_ID],f.FORM_NM,f.[FORM_CATEGORY],f.[CATEGORY_CODE]
		from TAGENTDOC p 
		JOIN TDOCCONTROL c 
		on p.DOC_ID=c.[DOC_ID] and p.version_num=c.version_num and p.DOC_ID=#{docID} 
		and  p.IS_DELETED=0 and  c.IS_DELETED=0
		join TFORM_DEFINITION f
		on f.form_id=p.FORM_ID
	</select>
	<select id="getAgentDocName" parameterType = "java.lang.String" resultType="java.lang.String">
		select 
		p.[DOC_NAME]
		from TAGENTDOC p 
		where  p.DOC_ID=#{docID} 
	</select>
	<select id="getOtherDocName" parameterType = "java.lang.String" resultType="java.lang.String">
		select 
		p.[DOC_NAME]
		from TAGENTDOC p 
		where  p.DOC_ID=#{docID} 
	</select>
	<select id="getPolicyDocName" parameterType = "java.lang.String" resultType="java.lang.String">
		select 
		p.[DOC_NAME]
		from TPOLICYDOC p 
		where  p.DOC_ID=#{docID} 
	</select>
	<select id="getOtherDocProperties" parameterType = "java.lang.String" resultMap="DocumentMap">
		select p.[DOC_ID],p.[VERSION_NUM],p.[FORM_ID],p.[DOC_TYPE],p.[CREATED_DATE],p.[UPDATED_DATE],p.[IS_DELETED],p.[URI],
		c.[DOC_NAME],c.[FILE_PATH],c.[CONTAINER_ID],
		f.[FORM_ID],f.FORM_NM,f.[FORM_CATEGORY],f.[CATEGORY_CODE]
		from TOTHERDOC p 
		JOIN TDOCCONTROL c 
		on p.DOC_ID=c.[DOC_ID] and p.version_num=c.version_num and p.DOC_ID=#{docID} 
		and  p.IS_DELETED=0 and  c.IS_DELETED=0
		join TFORM_DEFINITION f
		on f.form_id=p.FORM_ID
	</select>
	<select id="getPolicyDocProperties" parameterType = "java.lang.String" resultMap="DocumentPolicyMap">
		select p.[DOC_ID],p.[VERSION_NUM],p.[FORM_ID],p.[DOC_TYPE],p.[CREATED_DATE],p.[UPDATED_DATE],p.[IS_DELETED],p.[URI],
		c.[DOC_NAME],c.[FILE_PATH],c.[CONTAINER_ID],
		f.[FORM_ID],f.FORM_NM,f.[FORM_CATEGORY],f.[CATEGORY_CODE]
		from TPOLICYDOC p 
		JOIN TDOCCONTROL c 
		on p.DOC_ID=c.[DOC_ID] and p.version_num=c.version_num and p.DOC_ID=#{docID} 
		and  p.IS_DELETED=0 and  c.IS_DELETED=0
		join TFORM_DEFINITION f
		on f.form_id=p.FORM_ID
	</select>
	
	<select id="getMasterFolderByKeyNumber" parameterType = "java.lang.String" resultMap="MasterFolderMap">
		select * from TMASTERFOLDER where KEY_NUMBER=#{query} or NIC=#{query}
	</select>
	<select id="getMasterFolderBySearchValue" parameterType = "java.lang.String" resultMap="MasterFolderMap">
		select * from TMASTERFOLDER where SEARCH_VALUE=#{searchValue}
	</select>
	<update id="addAgentCodeByNIC"  parameterType = "com.example.azure.storage.model.MasterFolder">
		update TMASTERFOLDER set KEY_NUMBER=#{agentCode}
		where SEARCH_VALUE=#{searchValue}
	</update>
	<insert id="addMasterFolder" parameterType = "com.example.azure.storage.model.MasterFolder">
		insert into TMASTERFOLDER ([KEY_TYPE],[KEY_NUMBER],[NIC],[SEARCH_VALUE],[ENCODE_RULES])
		values (#{keyType},#{keyNumber},#{NIC},#{searchValue},#{encodeRules})
	</insert>
	

	<update id="LogicDeletePolicyDoc"  parameterType = "java.lang.String" >
		update TPOLICYDOC set IS_DELETED=1 where DOC_ID=#{docID}
	</update>
	<update id="LogicDeleteAgentDoc"  parameterType = "java.lang.String" >
		update TAGENTDOC set IS_DELETED=1 where DOC_ID=#{docID}
	</update>
	<delete id="physicallyDeletePolicyDoc"  parameterType = "java.lang.String" >
		delete from TPOLICYDOC where DOC_ID=#{docID}
	</delete>
	<delete id="physicallyDeleteAgentDoc"  parameterType = "java.lang.String" >
		delete from  TAGENTDOC where DOC_ID=#{docID}
	</delete>
</mapper>   

