<?xml version="1.0" encoding="UTF-8" ?>
<!DOCTYPE mapper 
PUBLIC "-//mybatis.org//DTD Mapper 3.0//EN" 
"http://mybatis.org/dtd/mybatis-3-mapper.dtd" >
<mapper namespace="com.example.azure.storage.mapper.FormDefinitionMapper">
	
	<resultMap type="com.example.azure.storage.model.FormDefinition" id="FormDefinitionMap">
		<id property="formDefinitionId" column="ROWID"/>
		<id property="formID" column="FORM_ID"/>
		<id property="formName" column="FORM_NM"/>
		<id property="formCategory" column="FORM_CATEGORY"/>
		<id property="categoryCode" column="CATEGORY_CODE"/>
		<id property="isValid" column="IS_VALID"/>
		<id property="formLevel" column="FORM_LEVEL"/>
		<id property="department" column="DEPARTMENT"/>
		<id property="createdDate" column="CREATED_DATE"/>
		<id property="updatedDate" column="UPDATED_DATE"/>
		<id property="isTriggerForm" column="IS_TRIGGER_FORM"/>
		<id property="isVisible" column="IS_VISIBLE"/>
		<id property="isDeleted" column="IS_DELETED"/>
		
	</resultMap>
	<resultMap type="com.example.azure.storage.model.FolderHierarchy" id="FolderHierarchyMap">
		<id property="folderID" column="FOLDER_ID"/>
		<id property="folderLevel" column="FOLDER_LEVEL"/>
		<id property="folderName" column="FOLDER_NAME"/>
		<id property="createdDate" column="CREATED_DATE"/>
		<id property="updatedDate" column="UPDATED_DATE"/>
		<id property="deleteFlag" column="ID_DELETED"/>
		<id property="parentFolderID" column="PARENT_FOLDER_ID"/>
		<id property="formID" column="FORM_ID"/>
		<id property="rowID" column="ROWID"/>
	</resultMap> 

	<sql id="Base_Column_List" >
   	 	ROWID,FORM_CATEGORY, FORM_ID, FORM_NM, CATEGORY_CODE, IS_VALID, FORM_LEVEL, IS_TRIGGER_FORM, IS_VISIBLE,IS_DELETED,DEPARTMENT
  	</sql>

	<select id="selectPage" parameterType = "com.example.azure.storage.model.PageRequest" resultMap="FormDefinitionMap">
	  select 
	  <include refid="Base_Column_List" />
	  from TFORM_DEFINITION
	  	<where>
		  <if test="query != null and query !=''">
		    AND (FORM_ID like CONCAT('%',#{query},'%') or FORM_NM like CONCAT('%',#{query},'%') or FORM_CATEGORY like CONCAT('%',#{query},'%') )
		  </if>
		  AND IS_DELETED=0
		</where>
	</select>
	
	<insert id="addFormDefinition"  parameterType = "com.example.azure.storage.model.FormDefinition">
		insert into TFORM_DEFINITION  (FORM_ID,FORM_NM, FORM_CATEGORY) 
		values(#{formID},#{formName},#{formCategory})
	</insert>
	 
	<select id="findFormDefinitionByFormID" parameterType = "java.lang.String" resultMap="FormDefinitionMap">
		select * from TFORM_DEFINITION where FORM_ID=#{formID} and IS_DELETED=0
	</select>
	
	<select id="findFormDefinitionByID" parameterType = "java.lang.String" resultMap="FormDefinitionMap">
		select * from TFORM_DEFINITION where ROWID=#{formDefinitionId} and IS_DELETED=0
	</select>
	
	<update id="editFormDefinition" parameterType = "com.example.azure.storage.model.FormDefinition">
		update TFORM_DEFINITION  
		<trim prefix="set" suffixOverrides=",">
		<if test="formID != null and formID !=''">
			FORM_ID=#{formID},
		</if>
		<if test="formName != null and formName !=''">
			FORM_NM=#{formName},
		</if>
		<if test="formCategory != null and formCategory !=''">
			FORM_CATEGORY=#{formCategory},
		</if>
		<if test="department != null and department !=''">
			DEPARTMENT=#{department},
		</if>
		<if test="categoryCode != null and categoryCode !=''">
			CATEGORY_CODE=#{categoryCode},
		</if>
		</trim>
		where ROWID=#{formDefinitionId}
	</update>
	
	<update id="delFormDefinition">
		update TFORM_DEFINITION set  IS_DELETED=1 where ROWID=#{formDefinitionId}
	</update>
	
	<select id="findFormHierarchy"  resultMap="FolderHierarchyMap">
		select a.folder_id,a.folder_name,a.folder_level,a.parent_folder_id,b.form_id,b.ROWID 
  	  	from TFOLDER_HIERARCHY a 
  	  	join TFORM_HIERARCHY b 
  	  	on a.folder_id=b.folder_id  
  	  	and a.IS_DELETED=0 
  	  	and b.IS_DELETED=0
	</select>
	
	<select id="findFolderHierarchyByType"  parameterType = "java.lang.String" resultMap="FolderHierarchyMap">
		select * from TFOLDER_HIERARCHY where IS_DELETED=0  and  FOLDER_NAME=#{param}
	</select>
	
	<select id="findFolderHierarchyByParentFolderID" resultMap="FolderHierarchyMap">
	　　select * from TFOLDER_HIERARCHY where IS_DELETED=0  and parent_Folder_id in
	　　<foreach item="item" index="index" collection="list" open="(" separator="," close=")">  
	　　　　#{item}  
	　　</foreach>  
	</select>  
	
	
	<select id="findFolderHierarchyByFolderID" resultMap="FolderHierarchyMap">
	　　select * from TFOLDER_HIERARCHY where IS_DELETED=0  and Folder_id in
	　　<foreach item="item" index="index" collection="list" open="(" separator="," close=")">  
	　　　　#{item}  
	　　</foreach>  
	</select> 
	
	<select id="findFormHierarchyByFolderID" resultMap="FolderHierarchyMap">
	　　select a.folder_id,a.folder_name,a.folder_level,a.parent_folder_id,b.form_id,b.ROWID 
  	  	from TFOLDER_HIERARCHY a 
  	  	join TFORM_HIERARCHY b 
  	  	on a.folder_id=b.folder_id  
  	  	and a.IS_DELETED=0 
  	  	and b.IS_DELETED=0
		and a.folder_id in 
	　　<foreach item="item" index="index" collection="list" open="(" separator="," close=")">  
	　　　　#{item}  
	　　</foreach>  
	</select> 
	
	
	<select id="findFormHierarchyByFormID" resultMap="FolderHierarchyMap">
	　　select a.folder_id,a.folder_name,a.folder_level,a.parent_folder_id,b.form_id,b.ROWID 
  	  	from TFOLDER_HIERARCHY a 
  	  	join TFORM_HIERARCHY b 
  	  	on a.folder_id=b.folder_id  
  	  	and a.IS_DELETED=0 
  	  	and b.IS_DELETED=0
		and b.form_id in 
	　　<foreach item="item" index="index" collection="list" open="(" separator="," close=")">  
	　　　　#{item}  
	　　</foreach>  
	</select>
	
	<insert id="addFileHierarchyFolder"  >
		insert into TFOLDER_HIERARCHY  (FOLDER_NAME,PARENT_FOLDER_ID) 
		values(#{folderName},#{parentFolderID})
	</insert>
	
	<update id="editFileHierarchyFolder">
		update TFOLDER_HIERARCHY  set FOLDER_NAME=#{folderName},UPDATED_DATE=getdate() 
		where FOLDER_ID=#{folderID}
	</update>
	
	
	<update id="delFileHierarchyFolder" parameterType = "java.lang.String">
		update TFOLDER_HIERARCHY  set IS_DELETED=1
		where FOLDER_ID=#{folderID} or PARENT_FOLDER_ID=#{folderID}
	</update>
	
	<select id="getFormDefinition" resultMap="FormDefinitionMap">
		select a.* from 
		TFORM_DEFINITION a left join 
		TFORM_HIERARCHY b
		on a.form_id=b.form_id
		where a.IS_DELETED=0 and b.form_id is null
	</select>
	<select id="getFormName" parameterType = "java.lang.String" resultType="java.lang.String">
		select 
		p.[FORM_NM]
		from TFORM_DEFINITION p 
		where  p.ROWID=#{formDefinitionId} 
	</select>
	
	<insert  id="addFileHierarchyForm">
		insert into TFORM_HIERARCHY  (FOLDER_ID,FORM_ID) 
		values(#{folderID},#{formID})
	</insert>
	
	<update id="editFileHierarchyForm">
		update TFORM_HIERARCHY  set FORM_ID=#{newFormID},UPDATED_DATE=getdate() 
		where FORM_ID=#{formID}
	</update>
	
	<update id="delFileHierarchyForm" parameterType = "java.lang.String">
		delete from TFORM_HIERARCHY 
		where FORM_ID=#{formID}
	</update>
	
	<select id="getAssignedForm" resultMap="FormDefinitionMap">
		select a.* from 
		TFORM_DEFINITION a join 
		TFORM_HIERARCHY b
		on a.form_id=b.form_id
		where a.IS_DELETED=0 and b.IS_DELETED=0
	</select>
	
</mapper>   

