<?xml version="1.0" encoding="UTF-8" ?>
<!DOCTYPE mapper PUBLIC "-//mybatis.org//DTD Mapper 3.0//EN" "http://mybatis.org/dtd/mybatis-3-mapper.dtd" >
<mapper namespace="com.aia.mm_imaging.dao.DocumentDao">

	<select id="getDocInfoByPol"
		resultType="com.aia.mm_imaging.pojo.DocInfo"
		parameterType="java.util.Map">
		SELECT
			DOC.DOC_ID docId,
			DOC.FILE_NM fileNm,
			DOC.FORM_ID formId,
			POL.POL_NUM polNum,
			DOC.SOURCE_SYSTEM sourceSystem,
			DEF.FORM_NM formNm,
			DOC.FILE_LAST_MODIFIED LastModified,
			DEF.FORM_CATEGORY
			formCategory
		FROM FD_IMAGING_DOCUMENT DOC
			WITH(NOLOCK)
		JOIN FD_IMAGING_FORM_DEFINITION DEF WITH(NOLOCK) ON
			DOC.FORM_ID=DEF.FORM_ID
		JOIN FD_APP_FORM_CONFIG APP WITH(NOLOCK) ON
			DEF.FORM_ID=APP.FORM_ID
		left JOIN FD_DOC_POL_LINK POL WITH(NOLOCK) ON
			DOC.DOC_ID=POL.DOC_ID
		left JOIN FD_DOC_AGENT_LINK DAL WITH(NOLOCK) ON
			DOC.DOC_ID = DAL.DOC_ID
		WHERE APP.APP_NM =#{applicationName}
			AND DOC.IS_DELETED = 0
		AND DEF.IS_DELETED = 0
		AND APP.IS_DELETED = 0
		<if test="formId != null and formId !=''">
			AND DOC.FORM_ID =#{formId}
		</if>
		<if test="pol!= null and pol !=''">
			AND POL.POL_NUM =#{pol}
		</if>
		<if test="endDt != null">
			AND DOC.FILE_LAST_MODIFIED&lt;=dateadd(day,1,#{endDt})
		</if>
		<if test="agentCode != null and agentCode !=''">
			AND DAL.AGENT_CD = #{agentCode}
		</if>
		<if test="startDt != null">
			AND DOC.FILE_LAST_MODIFIED&gt;=#{startDt}
		</if>
		order by DOC.FILE_LAST_MODIFIED DESC
	</select>
	<select id="getDocById"
		resultType="com.aia.mm_imaging.pojo.DocInfo" parameterType="String">
		SELECT
		DOC.FILE_NM fileNm,
		DOC.DOC_ID docId,
		DOC.FILE_PATH filePath
		FROM
		FD_IMAGING_DOCUMENT DOC
		WITH(NOLOCK)
		JOIN FD_IMAGING_FORM_DEFINITION DEF
		WITH(NOLOCK) ON
		DOC.FORM_ID =
		DEF.FORM_ID
		JOIN FD_APP_FORM_CONFIG APP
		WITH(NOLOCK) ON
		DEF.FORM_ID = APP.FORM_ID
		WHERE
		APP.APP_NM =
		#{applicationName}
		AND
		DOC.IS_DELETED = 0
		AND DEF.IS_DELETED = 0
		AND
		APP.IS_DELETED = 0
		<if test="docId != null and docId !=''">
			AND DOC.DOC_ID = #{docId}
		</if>
	</select>


	<select id="getCategoryList" resultType="java.util.Map"
		parameterType="String">

		SELECT DISTINCT FFD.FORM_CATEGORY FROM
		FD_IMAGING_FORM_DEFINITION FFD
		WITH(NOLOCK)
		WHERE FFD.IS_DELETED = 0
	</select>
	<select id="getCategoryByCategory"
		resultType="java.util.HashMap" parameterType="String">

		SELECT DISTINCT
		FFD.FORM_ID,FFD.FORM_NM FROM
		FD_IMAGING_FORM_DEFINITION
		FFD
		WHERE
		FFD.IS_DELETED = 0
		<if test="formCategory != null and formCategory!=''">
			AND FFD.FORM_CATEGORY = #{formCategory}
		</if>

	</select>
	<insert id="saveDocInfo" useGeneratedKeys="true"
		keyProperty="docId" parameterType="com.aia.mm_imaging.pojo.DocInfo">
		INSERT INTO FD_IMAGING_DOCUMENT (
		FORM_ID,FILE_PATH,FILE_NM,SOURCE_SYSTEM,CREATE_BY,CREATE_DATE,FILE_LAST_MODIFIED,UPDATE_BY,UPDATE_DATE) values
		(#{formId},#{filePath},#{fileNm},#{sourceSystem},#{createBy},getdate(),#{lastModified},#{updateBy},getdate())

	</insert>
	<insert id="insertDocAuditTrail"
		parameterType="com.aia.mm_imaging.pojo.AuditTrail">
		INSERT INTO FD_DOC_AUDIT_TRAIL (DOC_ID,ACTION,
		ACTION_DESC,AGENT_CD,POL_NUM,CAPTURE_ID,CREATE_BY,CREATE_DATE,UPDATE_BY,UPDATE_DATE) values
		(#{docId},#{action},#{actionDesc},#{agentCd},#{polNum},#{captureId},#{createBy},getdate(),#{updateBy},getdate())
	</insert>
	<insert id="insertPolLink" parameterType="java.util.Map">
		INSERT INTO
		FD_DOC_POL_LINK (DOC_ID,POL_NUM,
		CREATE_BY,CREATE_DATE,UPDATE_BY,UPDATE_DATE) values
		(#{docId},#{polNum},'system',getdate(),'system',getdate())
	</insert>
	<insert id="insertAgentLink" parameterType="java.util.Map">
		INSERT INTO
		FD_DOC_AGENT_LINK (DOC_ID,AGENT_CD,
		CREATE_BY,CREATE_DATE,UPDATE_BY,UPDATE_DATE) values
		(#{docId},#{agentCode},'system',getdate(),'system',getdate())
	</insert>
	
	<select id="isFormExist" resultType="java.util.Map"
		parameterType="java.util.Map">
		select top 1 FORM_CATEGORY from [FD_IMAGING_FORM_DEFINITION] WITH
		(NOLOCK)
		where IS_DELETED=0
		<if test="formId != null and formId != ''">
			AND FORM_ID = #{formId}
		</if>
	</select>

	<select id="getDocIdByFileName" resultType="java.util.Map"
		parameterType="java.util.Map">
		select distinct DOC_ID,SOURCE_SYSTEM
		from FD_IMAGING_DOCUMENT WITH (NOLOCK)
		<where>
			IS_DELETED=0
			<if test="fileName != null and fileName != ''">
				AND FILE_NM = #{fileName}
			</if>
		</where>
	</select>
	<select id="getCategoryByFormId" resultType="String"
		parameterType="String">
		select DISTINCT FFD.FORM_CATEGORY
		from FD_IMAGING_FORM_DEFINITION
		FFD WITH (NOLOCK)
		where FFD.FORM_ID =
		#{formId}
	</select>

	<update id="deleteDoc" parameterType="String">
		update FD_IMAGING_DOCUMENT
		set IS_DELETED=1
		where DOC_ID = #{docId}
	</update>
	<update id="deleteDocForPol" parameterType="String">
		update FD_DOC_POL_LINK
		set IS_DELETED=1
		where DOC_ID = #{docId}
	</update>
	<update id="deleteDocForAgent" parameterType="String">
		update FD_DOC_AGENT_LINK
		set IS_DELETED=1
		where DOC_ID = #{docId}
	</update>

</mapper>