<?xml version="1.0" encoding="UTF-8"?>
<configuration>
    <conversionRule conversionWord="clr" converterClass="org.springframework.boot.logging.logback.ColorConverter" />
    <conversionRule conversionWord="wex" converterClass="org.springframework.boot.logging.logback.WhitespaceThrowableProxyConverter" />
    <conversionRule conversionWord="wEx" converterClass="org.springframework.boot.logging.logback.ExtendedWhitespaceThrowableProxyConverter" />
    <property name="CONSOLE_LOG_PATTERN"
              value="${CONSOLE_LOG_PATTERN:-%clr(%d{${LOG_DATEFORMAT_PATTERN:-yyyy-MM-dd HH:mm:ss.SSS}}){faint} %clr(${LOG_LEVEL_PATTERN:-%5p}) %clr(${PID:- }){magenta} {faint} %clr([%15.15t]){faint} %clr(%-40.40logger{39} %line){cyan} %clr(:){faint} %m%n${LOG_EXCEPTION_CONVERSION_WORD:-%wEx}}"/>
    <property name="FILE_LOG_PATTERN"
              value="${FILE_LOG_PATTERN:-%d{${LOG_DATEFORMAT_PATTERN:-yyyy-MM-dd HH:mm:ss.SSS}} ${LOG_LEVEL_PATTERN:-%5p} ${PID:- } [%t] %-40.40logger{39} %line : %m%n${LOG_EXCEPTION_CONVERSION_WORD:-%wEx}}"/>
    <logger name="org.apache.catalina.startup.DigesterFactory" level="ERROR"/>
    <logger name="org.apache.catalina.util.LifecycleBase" level="ERROR"/>
    <logger name="org.apache.coyote.http11.Http11NioProtocol" level="WARN"/>
    <logger name="org.apache.sshd.common.util.SecurityUtils" level="WARN"/>
    <logger name="org.apache.tomcat.util.net.NioSelectorPool" level="WARN"/>
    <logger name="org.eclipse.jetty.util.component.AbstractLifeCycle" level="ERROR"/>
    <logger name="org.hibernate.validator.internal.util.Version" level="WARN"/>

    <include resource="org/springframework/boot/logging/logback/defaults.xml" />
    <include resource="org/springframework/boot/logging/logback/console-appender.xml" />
    <include resource="org/springframework/boot/logging/logback/file-appender.xml" />
    <root level="INFO">
        <appender-ref ref="CONSOLE" />
        <appender-ref ref="FILE" />
    </root>
    <logger name="org.hibernate.SQL" level="DEBUG"/>
<!-- <logger name="org.hibernate.type.descriptor.sql.BasicBinder" level="trace" /> -->
    <logger name="com.aia.sqs" level="DEBUG"/>
</configuration>